# department insert
insert into department values('D001', 'Thoracic Surgery');
insert into department values('D002','Cardiac Surgery');
insert into department values('D003','Endocrine Surgery');
insert into department values('D004', 'Plastic Surgery');
insert into department values('D005','Gastrointestinal Surgery');
insert into department values('D006', 'Laboratory Medicine');
insert into department values('D007','Radiology Department');
insert into department values('D008','Administration Office');


#position insert
insert into position values('P001', 'Doctor');
insert into position values('P002','Nurse');
insert into position values('P003', 'Radiologic Technologist');
insert into position values('P004','Office Staff');


# patient insert
insert into patient values('P00001', 'Kim Cheol-su', '8001011123456', '01012345678', 'Gangnam-gu, Samseong-dong, Seoul');
insert into patient values('P00002', 'Lee Young-hee', '8002022123456', '01012345679', 'Seongnam-si, Bundang-gu, Gyeonggi-do');
insert into patient values('P00003', 'Park Jong-ho', '8003031123457', '01012345680', 'Yongsan-gu, Itaewon-dong, Seoul');
insert into patient values('P00004', 'Choi Ji-soo', '8004042123457', '01012345681', 'Busanjin-gu, Jeonpo-dong, Busan');
insert into patient values('P00005', 'Jung Mi-ae', '8005052123458', '01012345682', 'Seo-gu, Bupyeong-dong, Incheon');
insert into patient values('P00006', 'Kang Se-jin', '8006061123458', '01012345683', 'Jung-gu, Euljiro-dong, Seoul');
insert into patient values('P00007', 'Yoon Soo-kyung', '8007072123458', '01012345684', 'Nam-gu, Yongho-dong, Busan');
insert into patient values('P00008', 'Lim Dong-hyun', '8008081123459', '01012345685', 'Dong-gu, Jungang-dong, Daegu');
insert into patient values('P00009', 'Han Eun-jung', '8009092123459', '01012345686', 'Buk-gu, Geumjeong-dong, Gwangju');
insert into patient values('P00010', 'Lee Ji-hoon', '8010101123450', '01012345687', 'Suji-gu, Singal-dong, Yongin');
insert into patient values('P00011', 'Kim Seo-jin', '8101011123451', '01012345688', 'Jung-gu, Myeong-dong, Seoul');
insert into patient values('P00012', 'Lee Ji-yoon', '8102022123451', '01012345689', 'Seo-gu, Daecheong-dong, Incheon');
insert into patient values('P00013', 'Park Min-seo', '8103031123452', '01012345690', 'Gwanak-gu, Bongcheon-dong, Seoul');
insert into patient values('P00014', 'Choi Young-min', '8104042123452', '01012345691', 'Yeongdeungpo-gu, Yeouido-dong, Seoul');
insert into patient values('P00015', 'Jung Soo-jung', '8105052123453', '01012345692', 'Gangnam-gu, Apgujeong-dong, Seoul');
insert into patient values('P00016', 'Kang Ji-hoon', '8106061123453', '01012345693', 'Mapo-gu, Hapjeong-dong, Seoul');
insert into patient values('P00017', 'Yoon Ji-hyun', '8107072123453', '01012345694', 'Jung-gu, Euljiro-dong, Seoul');
insert into patient values('P00018', 'Lim Seo-yeon', '8108081123454', '01012345695', 'Jongno-gu, Hyehwa-dong, Seoul');
insert into patient values('P00019', 'Han Ji-woo', '8109092123454', '01012345696', 'Gwangjin-gu, Gunja-dong, Seoul');
insert into patient values('P00020', 'Lee Min-ji', '8110101123455', '01012345697', 'Guro-gu, Gocheok-dong, Seoul');
insert into patient values('P00021', 'Kim Soo-bin', '8201011123456', '01012345698', 'Geumcheon-gu, Doksan-dong, Seoul');
insert into patient values('P00022', 'Lee Joon-ho', '8202022123456', '01012345699', 'Yongsan-gu, Hangangno-dong, Seoul');
insert into patient values('P00023', 'Park Ji-soo', '8203031123457', '01012345700', 'Seodaemun-gu, Daesin-dong, Seoul');
insert into patient values('P00024', 'Choi Min-seok', '8204042123457', '01012345701', 'Dongdaemun-gu, Janganpyeong-dong, Seoul');
insert into patient values('P00025', 'Jung Ji-yeon', '8205052123458', '01012345702', 'Gangbuk-gu, Suyu-dong, Seoul');
insert into patient values('P00026', 'Kang Min-ji', '8206061123458', '01012345703', 'Nowon-gu, Sanggye-dong, Seoul');
insert into patient values('P00027', 'Yoon Hyun-seo', '8207072123458', '01012345704', 'Dobong-gu, Banghak-dong, Seoul');
insert into patient values('P00028', 'Lim Seung-hyun', '8208081123459', '01012345705', 'Seongdong-gu, Seongsu-dong, Seoul');
insert into patient values('P00029', 'Han Ji-hye', '8209092123459', '01012345706', 'Gangseo-gu, Magok-dong, Seoul');
insert into patient values('P00030', 'Lee Seo-yeon', '8210101123460', '01012345707', 'Yangcheon-gu, Mok-dong, Seoul');


# room insert
insert into room values ('R101', 'Treatment', NULL);
insert into room values ('R102', 'Treatment', NULL);
insert into room values ('R103', 'Treatment', NULL);
insert into room values ('R104', 'Treatment', NULL);
insert into room values ('R105', 'Treatment', NULL);
insert into room values ('R106', 'Treatment', NULL);
insert into room values ('R107', 'Treatment', NULL);
insert into room values ('R108', 'Treatment', NULL);
insert into room values ('R109', 'Treatment', NULL);
insert into room values ('R110', 'Treatment', NULL);
insert into room values ('R201', 'Treatment', NULL);
insert into room values ('R202', 'Treatment', NULL);
insert into room values ('R203', 'Treatment', NULL);
insert into room values ('R204', 'Treatment', NULL);
insert into room values ('R205', 'Treatment', NULL);
insert into room values ('R206', 'Treatment', NULL);
insert into room values ('R207', 'Treatment', NULL);
insert into room values ('R208', 'Treatment', NULL);
insert into room values ('R209', 'Treatment', NULL);
insert into room values ('R210', 'Treatment', NULL);
insert into room values ('R301', 'Examination', NULL);
insert into room values ('R302', 'Examination', NULL);
insert into room values ('R303', 'Examination', NULL);
insert into room values ('R304', 'Examination', NULL);
insert into room values ('R305', 'Examination', NULL);
insert into room values ('R306', 'Operation', NULL);
insert into room values ('R307', 'Operation', NULL);
insert into room values ('R308', 'Operation', NULL);
insert into room values ('R309', 'Operation', NULL);
insert into room values ('R310', 'Operation', NULL);
insert into room values ('R401', 'Operation', NULL);
insert into room values ('R402', 'Operation', NULL);
insert into room values ('R403', 'Operation', NULL);
insert into room values ('R404', 'Operation', NULL);
insert into room values ('R405', 'Operation', NULL);
insert into room values ('R501', 'Hospitalization', 'Yes');
insert into room values ('R502', 'Hospitalization', 'Yes');
insert into room values ('R503', 'Hospitalization', 'Yes');
insert into room values ('R504', 'Hospitalization', 'Yes');
insert into room values ('R505', 'Hospitalization', 'Yes');
insert into room values ('R506', 'Hospitalization', 'Yes');
insert into room values ('R507', 'Hospitalization', 'Yes');
insert into room values ('R508', 'Hospitalization', 'Yes');
insert into room values ('R509', 'Hospitalization', 'Yes');
insert into room values ('R510', 'Hospitalization', 'Yes');
insert into room values ('R601', 'Hospitalization', 'No');
insert into room values ('R602', 'Hospitalization', 'No');
insert into room values ('R603', 'Hospitalization', 'No');
insert into room values ('R604', 'Hospitalization', 'No');
insert into room values ('R605', 'Hospitalization', 'No');
insert into room values ('R606', 'Hospitalization', 'No');
insert into room values ('R607', 'Hospitalization', 'No');
insert into room values ('R608', 'Hospitalization', 'No');
insert into room values ('R609', 'Hospitalization', 'No');
insert into room values ('R610', 'Hospitalization', 'No');


#  insert employee
insert into employee values ('E00001', 'Lim Min-kyu', '8308081123464', '01012345715', 'Jung-gu, Euljiro-dong, Seoul', 'D001', 'P001' );
insert into employee values ('E00002', 'Han Seo-yeon', '8309092123464', '01012345716', 'Mapo-gu, Sangam-dong, Seoul', 'D001', 'P001');
insert into employee values ('E00003', 'Lee Young-min', '8310101123465', '01012345717', 'Gwangjin-gu, Gwangjang-dong, Seoul', 'D002', 'P001');
insert into employee values ('E00004', 'Kim Ji-yeon', '8401011123466', '01012345718', 'Geumcheon-gu, Gasan-dong, Seoul', 'D002', 'P001');
insert into employee values ('E00005', 'Lee Seo-jin', '8402022123466', '01012345719', 'Gangbuk-gu, Ui-dong, Seoul', 'D003', 'P001');
insert into employee values ('E00006', 'Park Young-min', '8403031123467', '01012345720', 'Songpa-gu, Garak-dong, Seoul', 'D003', 'P001');
insert into employee values ('E00007', 'Choi Min-seo', '8404042123467', '01012345721', 'Guro-gu, Guro-dong, Seoul', 'D004', 'P001');
insert into employee values ('E00008', 'Jung Hyun-seo', '8405052123468', '01012345722', 'Eunpyeong-gu, Jingwan-dong, Seoul', 'D004', 'P001');
insert into employee values ('E00009', 'Kang Ji-hye', '8406061123468', '01012345723', 'Gangdong-gu, Gil-dong, Seoul', 'D005', 'P001');
insert into employee values ('E00010', 'Yoon Min-kyu', '8407072123468', '01012345724', 'Seongdong-gu, Seongdong-dong, Seoul', 'D005', 'P001');
insert into employee values ('E00011', 'Lim Ji-hoon', '8408081123469', '01012345725', 'Dongdaemun-gu, Imun-dong, Seoul', 'D006', 'P001');
insert into employee values ('E00012', 'Han Ji-soo', '8409092123469', '01012345726', 'Gangnam-gu, Sinsa-dong, Seoul', 'D006', 'P001');
insert into employee values ('E00013', 'Lee Seung-hyun', '8410101123470', '01012345727', 'Yongsan-gu, Hannam-dong, Seoul', 'D001', 'P002');
insert into employee values ('E00014', 'Kim Min-seok', '8501011123471', '01012345728', 'Jung-gu, Chungmu-ro, Seoul', 'D001', 'P002');
insert into employee values ('E00015', 'Lee Hyun-seo', '8502022123471', '01012345729', 'Seocho-gu, Seocho-dong, Seoul', 'D002', 'P002');
insert into employee values ('E00016', 'Park Ji-hye', '8503031123472', '01012345730', 'Gangbuk-gu, Mia-dong, Seoul', 'D002', 'P002');
insert into employee values ('E00017', 'Choi Min-kyu', '8504042123472', '01012345731', 'Gangnam-gu, Daechi-dong, Seoul', 'D003', 'P002');
insert into employee values ('E00018', 'Jung Ji-hoon', '8505052123473', '01012345732', 'Seongbuk-gu, Seongbuk-dong, Seoul', 'D003', 'P002');
insert into employee values ('E00019', 'Kang Seo-yeon', '8506061123473', '01012345733', 'Gangseo-gu, Gaehwa-dong, Seoul', 'D004', 'P002');
insert into employee values ('E00020', 'Yoon Min-seo', '8507072123473', '01012345734', 'Eunpyeong-gu, Jingwan-dong, Seoul', 'D004', 'P002');
insert into employee values ('E00021', 'Lim Young-min', '8508081123474', '01012345735', 'Jung-gu, Euljiro-dong, Seoul', 'D005', 'P002');
insert into employee values ('E00022', 'Han Seo-jin', '8509092123474', '01012345736', 'Mapo-gu, Hapjeong-dong, Seoul', 'D005', 'P002');
insert into employee values ('E00023', 'Lee Ji-hye', '8510101123475', '01012345737', 'Gwangjin-gu, Jayang-dong, Seoul', 'D006', 'P002');
insert into employee values ('E00024', 'Kim Min-seo', '8601011123476', '01012345738', 'Geumcheon-gu, Gasan-dong, Seoul', 'D006', 'P002');
insert into employee values ('E00025', 'Lee Hyun-seo', '8602022123476', '01012345739', 'Gangbuk-gu, Suyu-dong, Seoul', 'D007', 'P003');
insert into employee values ('E00026', 'Park Young-min', '8603031123477', '01012345740', 'Songpa-gu, Garak-dong, Seoul', 'D007', 'P003');
insert into employee values ('E00027', 'Choi Ji-hye', '8604042123477', '01012345741', 'Guro-gu, Sindorim-dong, Seoul', 'D008', 'P004');
insert into employee values ('E00028', 'Jung Min-kyu', '8605052123478', '01012345742', 'Eunpyeong-gu, Jingwan-dong, Seoul', 'D008', 'P004');
insert into employee values ('E00029', 'Kang Seo-yeon', '8606061123478', '01012345743', 'Gangdong-gu, Gil-dong, Seoul', 'D008', 'P004');
insert into employee values ('E00030', 'Yoon Ji-hoon', '8607072123478', '01012345744', 'Seongdong-gu, Seongdong-dong, Seoul', 'D008', 'P004');
insert into employee values ('E00031', 'Lim Seo-jin', '8608081123479', '01012345745', 'Dongdaemun-gu, Imun-dong, Seoul', 'D008', 'P004');
insert into employee values ('E00032', 'Han Min-seok', '8609092123479', '01012345746', 'Gangnam-gu, Sinsa-dong, Seoul', 'D008', 'P004');


# reservation insert
insert into reservation values ('R00001', 'Treatment', '2023-05-03 14:00:00', 'P00004', 'E00004');
insert into reservation values ('R00002', 'Treatment', '2023-05-01 15:00:00', 'P00005', 'E00005');
insert into reservation values ('R00003', 'Treatment', '2023-05-04 10:30:00','P00006', 'E00006');
insert into reservation values ('R00004', 'Operation', '2023-05-03 09:30:00', 'P00001', 'E00001');
insert into reservation values ('R00005', 'Operation', '2023-05-08 10:00:00', 'P00002', 'E00002');
insert into reservation values ('R00006', 'Operation', '2023-05-08 10:30:00', 'P00006', 'E00006');
insert into reservation values ('R00007', 'Operation', '2023-05-04 09:30:00', 'P00007', 'E00007');
insert into reservation values ('R00008', 'Operation', '2023-05-09 10:00:00', 'P00018', 'E00008');
insert into reservation values ('R00009', 'Operation', '2023-05-04 10:00:00', 'P00019', 'E00010');
insert into reservation values ('R00010', 'Examination', '2023-05-12 10:00:00', 'P00004', 'E00004');
insert into reservation values ('R00011', 'Examination', '2023-05-11 10:30:00', 'P00005', 'E00005');
insert into reservation values ('R00012', 'Examination', '2023-05-23 11:00:00', 'P00006', 'E00006');


# treatment insert
insert into treatment values('T00001', 'Pneumothorax', '2023-05-01 10:13:00','E00001','P00001','R101');
insert into treatment values('T00002', 'Lung cancer', '2023-05-03 11:01:00', 'E00002','P00002', 'R102');
insert into treatment values('T00003', 'Myocardial infarction', '2023-05-02 15:11:00','E00003','P00003','R103');
insert into treatment values('T00004', 'Heart failure', '2023-05-03 14:24:00', 'E00004','P00004', 'R104');
insert into treatment values('T00005', 'Diabetes mellitus', '2023-05-01 15:16:00', 'E00005','P00005','R105');
insert into treatment values('T00006', 'Hyperthyroidism', '2023-05-04 10:47:00','E00006' ,'P00006', 'R106');
insert into treatment values('T00007', 'Rhinoplasty', '2023-05-03 09:31:00','E00007' ,'P00007','R107');
insert into treatment values('T00008', 'Liposuction', '2023-05-02 14:18:00','E00008' ,'P00008', 'R108');
insert into treatment values('T00009', 'Gastric ulcer', '2023-05-03 15:46:00','E00009' ,'P00009','R109');
insert into treatment values('T00010', 'Gallstones', '2023-05-03 10:43:00', 'E00010','P00010', 'R110');


# examination insert
insert into examination values('X00001', 'X-ray', '2023-05-01 10:30:00', 'E00025', 'P00001', 'R301', 'T00001');
insert into examination values('X00002', 'CT scan', '2023-05-03 11:30:00', 'E00026' , 'P00002', 'R302', 'T00002');
insert into examination values('X00003', 'MRI', '2023-05-02 15:15:00', 'E00025', 'P00003', 'R303', 'T00003');
insert into examination values('X00004', 'CT scan', '2023-05-03 15:00:00', 'E00026', 'P00004', 'R302', 'T00004');
insert into examination values('X00005', 'Blood', '2023-05-01 15:30:00', 'E00024', 'P00005', 'R304', 'T00005');
insert into examination values('X00006', 'Blood', '2023-05-04 11:00:00', 'E00024', 'P00006', 'R304', 'T00006');
insert into examination values('X00007', 'Blood', '2023-05-03 09:45:00', 'E00024', 'P00007', 'R304', 'T00007');
insert into examination values('X00008', 'Blood', '2023-05-02 14:30:00', 'E00023', 'P00008', 'R304', 'T00008');
insert into examination values('X00009', 'Blood', '2023-05-03 16:00:00', 'E00023', 'P00009', 'R304', 'T00009');
insert into examination values('X00010', 'X-ray', '2023-05-03 11:00:00', 'E00025', 'P00010', 'R301', 'T00010');


# operation insert
insert into operation values('O00001', 'Pneumothorax Surgery','2023-05-03 09:30:00','E00001','P00001','R306', 'T00001', 'X00001');
insert into operation values('O00002', 'Lung cancer SUrgery', '2023-05-08 10:00:00', 'E00002','P00002', 'R307', 'T00002', 'X00002');
insert into operation values('O00003', 'Thyroidectomy','2023-05-08 10:30:00', 'E00006', 'P00006', 'R401', 'T00006', 'X00006');
insert into operation values('O00004', 'Rhinoplasty', '2023-05-04 9:30:00', 'E00007','P00007', 'R402','T00007','X00007');
insert into operation values('O00005', 'Liposuction', '2023-05-09 10:00:00', 'E00008','P00008','R403','T00008', 'X00008');
insert into operation values('O00006', 'Gallbladder surgery', '2023-05-04 10:00:00', 'E00010', 'P00010', 'R405', 'T00010', 'X00010');


# hospitalization insert
insert into hospitalization values('H00001', '2023-05-01 20:39:00', '2023-05-10 08:39:00', 'E00002', 'P00001', 'R501', 'T00001');
insert into hospitalization values('H00002', '2023-05-03 16:08:00', null, 'E00002', 'P00002', 'R502', 'T00002');
insert into hospitalization values('H00003', '2023-05-04 15:32:00', '2023-05-13 10:36:00', 'E00004', 'P00003', 'R503', 'T00003');
insert into hospitalization values('H00004', '2023-05-03 16:20:00', '2023-05-05 11:41:00', 'E00003', 'P00004', 'R504', 'T00004');
insert into hospitalization values('H00005', '2023-05-01 18:34:00', '2023-05-04 11:05:00', 'E00005', 'P00005', 'R505', 'T00005');
insert into hospitalization values('H00006', '2023-05-04 12:11:00', '2023-05-16 09:10:00', 'E00006', 'P00006', 'R506', 'T00006');
insert into hospitalization values('H00007', '2023-05-04 10:37:00', '2023-05-05 10:17:00', 'E00007', 'P00007', 'R507', 'T00007');
insert into hospitalization values('H00008', '2023-05-09 11:32:00', '2023-05-10 08:59:00', 'E00007', 'P00008', 'R508', 'T00008');
insert into hospitalization values('H00009', '2023-05-03 18:37:00', '2023-05-19 10:28:00', 'E00010', 'P00009', 'R509', 'T00009');
insert into hospitalization values('H00010', '2023-05-03 17:31:00', '2023-05-10 09:33:00', 'E00010', 'P00010', 'R510', 'T00010');
